{
  "hash": "a57072bd",
  "configHash": "08e8d895",
  "lockfileHash": "50d44f4d",
  "browserHash": "8043643e",
  "optimized": {
    "@angular/common": {
      "src": "../../../../../../node_modules/@angular/common/fesm2022/common.mjs",
      "file": "@angular_common.js",
      "fileHash": "80ff5d02",
      "needsInterop": false
    },
    "@angular/common/http": {
      "src": "../../../../../../node_modules/@angular/common/fesm2022/http.mjs",
      "file": "@angular_common_http.js",
      "fileHash": "5e1795d9",
      "needsInterop": false
    },
    "@angular/core": {
      "src": "../../../../../../node_modules/@angular/core/fesm2022/core.mjs",
      "file": "@angular_core.js",
      "fileHash": "42053228",
      "needsInterop": false
    },
    "@angular/platform-browser": {
      "src": "../../../../../../node_modules/@angular/platform-browser/fesm2022/platform-browser.mjs",
      "file": "@angular_platform-browser.js",
      "fileHash": "03f54f6d",
      "needsInterop": false
    },
    "@angular/router": {
      "src": "../../../../../../node_modules/@angular/router/fesm2022/router.mjs",
      "file": "@angular_router.js",
      "fileHash": "807d4b20",
      "needsInterop": false
    }
  },
  "chunks": {
    "chunk-WX6DZ2OV": {
      "file": "chunk-WX6DZ2OV.js"
    },
    "chunk-SH2CWPPJ": {
      "file": "chunk-SH2CWPPJ.js"
    },
    "chunk-UTW4XORV": {
      "file": "chunk-UTW4XORV.js"
    },
    "chunk-KQTFN7TS": {
      "file": "chunk-KQTFN7TS.js"
    },
    "chunk-YIVJ2BNJ": {
      "file": "chunk-YIVJ2BNJ.js"
    }
  }
}